SUPP_NATION,CUST_NATION,L_SHIPDATE,REVENUE
FRANCE,GERMANY,1995-01-02,958548.0307
FRANCE,GERMANY,1995-01-03,746794.2868
FRANCE,GERMANY,1995-01-04,492006.2358
FRANCE,GERMANY,1995-01-05,832405.1283
FRANCE,GERMANY,1995-01-06,835475.5179
FRANCE,GERMANY,1995-01-07,824417.0575
FRANCE,GERMANY,1995-01-08,702188.0200
FRANCE,GERMANY,1995-01-09,654290.5568
FRANCE,GERMANY,1995-01-10,829084.4270
FRANCE,GERMANY,1995-01-11,594739.2689
FRANCE,GERMANY,1995-01-12,601178.5369
FRANCE,GERMANY,1995-01-13,528092.0292
FRANCE,GERMANY,1995-01-14,539116.5430
FRANCE,GERMANY,1995-01-15,761546.0701
FRANCE,GERMANY,1995-01-16,741620.3452
FRANCE,GERMANY,1995-01-17,588682.2469
FRANCE,GERMANY,1995-01-18,503985.2965
FRANCE,GERMANY,1995-01-19,872832.2173
FRANCE,GERMANY,1995-01-20,549826.7687
FRANCE,GERMANY,1995-01-21,979825.0026
FRANCE,GERMANY,1995-01-22,562466.0242
FRANCE,GERMANY,1995-01-23,1001025.6439
FRANCE,GERMANY,1995-01-24,780686.4878
FRANCE,GERMANY,1995-01-25,631588.2246
FRANCE,GERMANY,1995-01-26,519570.6111
FRANCE,GERMANY,1995-01-27,786752.8064
FRANCE,GERMANY,1995-01-28,519743.4683
FRANCE,GERMANY,1995-01-29,752598.2355
FRANCE,GERMANY,1995-01-30,979732.7976
FRANCE,GERMANY,1995-01-31,359419.3682
FRANCE,GERMANY,1995-02-01,960174.9025
FRANCE,GERMANY,1995-02-02,590099.2310
FRANCE,GERMANY,1995-02-03,1094226.9188
FRANCE,GERMANY,1995-02-04,732175.2067
FRANCE,GERMANY,1995-02-05,596391.6006
FRANCE,GERMANY,1995-02-06,1214888.8766
FRANCE,GERMANY,1995-02-07,666847.6077
FRANCE,GERMANY,1995-02-08,548310.5111
FRANCE,GERMANY,1995-02-09,783413.4629
FRANCE,GERMANY,1995-02-10,842263.3540
FRANCE,GERMANY,1995-02-11,792213.0918
FRANCE,GERMANY,1995-02-12,844226.2466
FRANCE,GERMANY,1995-02-13,1078894.4890
FRANCE,GERMANY,1995-02-14,730452.5269
FRANCE,GERMANY,1995-02-15,634081.8807
FRANCE,GERMANY,1995-02-16,688377.0469
FRANCE,GERMANY,1995-02-17,596414.8661
FRANCE,GERMANY,1995-02-18,788601.3829
FRANCE,GERMANY,1995-02-19,1104211.5397
FRANCE,GERMANY,1995-02-20,851888.2392
FRANCE,GERMANY,1995-02-21,676445.2197
FRANCE,GERMANY,1995-02-22,823686.5698
FRANCE,GERMANY,1995-02-23,485868.9053
FRANCE,GERMANY,1995-02-24,709720.1616
FRANCE,GERMANY,1995-02-25,884721.4049
FRANCE,GERMANY,1995-02-26,817406.2902
FRANCE,GERMANY,1995-02-27,933967.9299
FRANCE,GERMANY,1995-02-28,642949.5064
FRANCE,GERMANY,1995-03-01,806844.6067
FRANCE,GERMANY,1995-03-02,713512.2262
FRANCE,GERMANY,1995-03-03,480832.3947
FRANCE,GERMANY,1995-03-04,685151.1950
FRANCE,GERMANY,1995-03-05,584589.0163
FRANCE,GERMANY,1995-03-06,607696.8187
FRANCE,GERMANY,1995-03-07,798670.6223
FRANCE,GERMANY,1995-03-08,632152.9828
FRANCE,GERMANY,1995-03-09,1048809.7892
FRANCE,GERMANY,1995-03-10,697322.1936
FRANCE,GERMANY,1995-03-11,875351.4464
FRANCE,GERMANY,1995-03-12,1037187.9439
FRANCE,GERMANY,1995-03-13,865753.8878
FRANCE,GERMANY,1995-03-14,770724.8950
FRANCE,GERMANY,1995-03-15,858308.2046
FRANCE,GERMANY,1995-03-16,579339.1362
FRANCE,GERMANY,1995-03-17,716500.4552
FRANCE,GERMANY,1995-03-18,738037.5110
FRANCE,GERMANY,1995-03-19,1099547.0544
FRANCE,GERMANY,1995-03-20,969564.1289
FRANCE,GERMANY,1995-03-21,756429.7715
FRANCE,GERMANY,1995-03-22,801488.3265
FRANCE,GERMANY,1995-03-23,704830.3227
FRANCE,GERMANY,1995-03-24,489184.7094
FRANCE,GERMANY,1995-03-25,565988.1087
FRANCE,GERMANY,1995-03-26,658935.8592
FRANCE,GERMANY,1995-03-27,885352.2257
FRANCE,GERMANY,1995-03-28,1267022.3045
FRANCE,GERMANY,1995-03-29,515242.6944
FRANCE,GERMANY,1995-03-30,661090.0621
FRANCE,GERMANY,1995-03-31,1037399.9164
FRANCE,GERMANY,1995-04-01,818998.7559
FRANCE,GERMANY,1995-04-02,677249.0106
FRANCE,GERMANY,1995-04-03,570925.5577
FRANCE,GERMANY,1995-04-04,971123.8252
FRANCE,GERMANY,1995-04-05,411150.0960
FRANCE,GERMANY,1995-04-06,688945.2788
FRANCE,GERMANY,1995-04-07,697401.3165
FRANCE,GERMANY,1995-04-08,672718.5596
FRANCE,GERMANY,1995-04-09,616107.9604
FRANCE,GERMANY,1995-04-10,419109.4235
FRANCE,GERMANY,1995-04-11,520721.9716
FRANCE,GERMANY,1995-04-12,744745.1982
FRANCE,GERMANY,1995-04-13,769045.7817
FRANCE,GERMANY,1995-04-14,417162.0520
FRANCE,GERMANY,1995-04-15,730715.2055
FRANCE,GERMANY,1995-04-16,740773.3521
FRANCE,GERMANY,1995-04-17,731655.7862
FRANCE,GERMANY,1995-04-18,693385.2232
FRANCE,GERMANY,1995-04-19,735015.7977
FRANCE,GERMANY,1995-04-20,545036.9530
FRANCE,GERMANY,1995-04-21,614425.0196
FRANCE,GERMANY,1995-04-22,950214.4499
FRANCE,GERMANY,1995-04-23,450241.7060
FRANCE,GERMANY,1995-04-24,923205.3056
FRANCE,GERMANY,1995-04-25,651847.3202
FRANCE,GERMANY,1995-04-26,840668.1821
FRANCE,GERMANY,1995-04-27,686697.7408
FRANCE,GERMANY,1995-04-28,974218.4585
FRANCE,GERMANY,1995-04-29,928592.0122
FRANCE,GERMANY,1995-04-30,1076510.5426
FRANCE,GERMANY,1995-05-01,758677.1274
FRANCE,GERMANY,1995-05-02,548684.9191
FRANCE,GERMANY,1995-05-03,815956.1769
FRANCE,GERMANY,1995-05-04,770735.0614
FRANCE,GERMANY,1995-05-05,731588.6525
FRANCE,GERMANY,1995-05-06,986157.5735
FRANCE,GERMANY,1995-05-07,758472.1048
FRANCE,GERMANY,1995-05-08,785703.2364
FRANCE,GERMANY,1995-05-09,890935.7307
FRANCE,GERMANY,1995-05-10,596656.1006
FRANCE,GERMANY,1995-05-11,652504.2467
FRANCE,GERMANY,1995-05-12,623205.9723
FRANCE,GERMANY,1995-05-13,630738.5102
FRANCE,GERMANY,1995-05-14,757407.7085
FRANCE,GERMANY,1995-05-15,469492.5607
FRANCE,GERMANY,1995-05-16,521497.7866
FRANCE,GERMANY,1995-05-17,843037.5751
FRANCE,GERMANY,1995-05-18,678893.3585
FRANCE,GERMANY,1995-05-19,936028.4581
FRANCE,GERMANY,1995-05-20,546500.5206
FRANCE,GERMANY,1995-05-21,569448.3400
FRANCE,GERMANY,1995-05-22,516257.1652
FRANCE,GERMANY,1995-05-23,712491.8277
FRANCE,GERMANY,1995-05-24,1144329.8383
FRANCE,GERMANY,1995-05-25,657270.5782
FRANCE,GERMANY,1995-05-26,336056.1735
FRANCE,GERMANY,1995-05-27,775783.7779
FRANCE,GERMANY,1995-05-28,1050842.4629
FRANCE,GERMANY,1995-05-29,643282.5216
FRANCE,GERMANY,1995-05-30,508170.0139
FRANCE,GERMANY,1995-05-31,566826.5333
FRANCE,GERMANY,1995-06-01,862118.9055
FRANCE,GERMANY,1995-06-02,843096.5871
FRANCE,GERMANY,1995-06-03,1058593.3340
FRANCE,GERMANY,1995-06-04,623738.0861
FRANCE,GERMANY,1995-06-05,645512.0015
FRANCE,GERMANY,1995-06-06,595263.6657
FRANCE,GERMANY,1995-06-07,863340.8870
FRANCE,GERMANY,1995-06-08,597253.1906
FRANCE,GERMANY,1995-06-09,680452.3831
FRANCE,GERMANY,1995-06-10,659494.5055
FRANCE,GERMANY,1995-06-11,940124.5884
FRANCE,GERMANY,1995-06-12,481729.6946
FRANCE,GERMANY,1995-06-13,412070.4989
FRANCE,GERMANY,1995-06-14,756503.2438
FRANCE,GERMANY,1995-06-15,829244.6076
FRANCE,GERMANY,1995-06-16,667464.9699
FRANCE,GERMANY,1995-06-17,723391.1917
FRANCE,GERMANY,1995-06-18,775447.9896
FRANCE,GERMANY,1995-06-19,1114962.2036
FRANCE,GERMANY,1995-06-20,827962.7750
FRANCE,GERMANY,1995-06-21,535488.1415
FRANCE,GERMANY,1995-06-22,732988.7434
FRANCE,GERMANY,1995-06-23,941884.8293
FRANCE,GERMANY,1995-06-24,1001695.5158
FRANCE,GERMANY,1995-06-25,964260.1061
FRANCE,GERMANY,1995-06-26,951464.9338
FRANCE,GERMANY,1995-06-27,825085.9578
FRANCE,GERMANY,1995-06-28,807936.2595
FRANCE,GERMANY,1995-06-29,680063.7314
FRANCE,GERMANY,1995-06-30,900195.7972
FRANCE,GERMANY,1995-07-01,967963.4608
FRANCE,GERMANY,1995-07-02,894265.7639
FRANCE,GERMANY,1995-07-03,729019.0645
FRANCE,GERMANY,1995-07-04,868002.1511
FRANCE,GERMANY,1995-07-05,721091.7315
FRANCE,GERMANY,1995-07-06,704516.4292
FRANCE,GERMANY,1995-07-07,608566.8626
FRANCE,GERMANY,1995-07-08,671644.4738
FRANCE,GERMANY,1995-07-09,886655.2877
FRANCE,GERMANY,1995-07-10,682400.9324
FRANCE,GERMANY,1995-07-11,683914.7952
FRANCE,GERMANY,1995-07-12,902164.1198
FRANCE,GERMANY,1995-07-13,762824.2892
FRANCE,GERMANY,1995-07-14,752187.7342
FRANCE,GERMANY,1995-07-15,664408.6975
FRANCE,GERMANY,1995-07-16,702595.8567
FRANCE,GERMANY,1995-07-17,698006.1042
FRANCE,GERMANY,1995-07-18,569028.4484
FRANCE,GERMANY,1995-07-19,872313.7832
FRANCE,GERMANY,1995-07-20,872785.2620
FRANCE,GERMANY,1995-07-21,750474.8670
FRANCE,GERMANY,1995-07-22,765714.0863
FRANCE,GERMANY,1995-07-23,478792.3598
FRANCE,GERMANY,1995-07-24,575697.4581
FRANCE,GERMANY,1995-07-25,899109.4466
FRANCE,GERMANY,1995-07-26,526130.8841
FRANCE,GERMANY,1995-07-27,578847.5953
FRANCE,GERMANY,1995-07-28,991311.4944
FRANCE,GERMANY,1995-07-29,736218.1527
FRANCE,GERMANY,1995-07-30,1063592.7239
FRANCE,GERMANY,1995-07-31,263670.7696
FRANCE,GERMANY,1995-08-01,606299.3933
FRANCE,GERMANY,1995-08-02,526079.3546
FRANCE,GERMANY,1995-08-03,739024.1055
FRANCE,GERMANY,1995-08-04,1072134.1414
FRANCE,GERMANY,1995-08-05,717289.3160
FRANCE,GERMANY,1995-08-06,692244.0150
FRANCE,GERMANY,1995-08-07,790252.9806
FRANCE,GERMANY,1995-08-08,636097.4406
FRANCE,GERMANY,1995-08-09,1111915.9239
FRANCE,GERMANY,1995-08-10,574369.1388
FRANCE,GERMANY,1995-08-11,679446.9714
FRANCE,GERMANY,1995-08-12,1031022.3966
FRANCE,GERMANY,1995-08-13,653313.8794
FRANCE,GERMANY,1995-08-14,623888.3746
FRANCE,GERMANY,1995-08-15,575520.5918
FRANCE,GERMANY,1995-08-16,482213.8651
FRANCE,GERMANY,1995-08-17,584975.9871
FRANCE,GERMANY,1995-08-18,839029.5149
FRANCE,GERMANY,1995-08-19,591159.5215
FRANCE,GERMANY,1995-08-20,529536.3666
FRANCE,GERMANY,1995-08-21,1060958.0734
FRANCE,GERMANY,1995-08-22,603921.7521
FRANCE,GERMANY,1995-08-23,738135.6288
FRANCE,GERMANY,1995-08-24,544612.0288
FRANCE,GERMANY,1995-08-25,1008782.6179
FRANCE,GERMANY,1995-08-26,1104878.3695
FRANCE,GERMANY,1995-08-27,864102.8990
FRANCE,GERMANY,1995-08-28,757924.5702
FRANCE,GERMANY,1995-08-29,664059.1159
FRANCE,GERMANY,1995-08-30,503225.4172
FRANCE,GERMANY,1995-08-31,654481.9119
FRANCE,GERMANY,1995-09-01,626483.6301
FRANCE,GERMANY,1995-09-02,406719.0199
FRANCE,GERMANY,1995-09-03,746481.3752
FRANCE,GERMANY,1995-09-04,789841.3529
FRANCE,GERMANY,1995-09-05,717015.5408
FRANCE,GERMANY,1995-09-06,756817.5131
FRANCE,GERMANY,1995-09-07,464366.5623
FRANCE,GERMANY,1995-09-08,716252.4304
FRANCE,GERMANY,1995-09-09,758247.1952
FRANCE,GERMANY,1995-09-10,653208.0182
FRANCE,GERMANY,1995-09-11,750522.4770
FRANCE,GERMANY,1995-09-12,770210.2115
FRANCE,GERMANY,1995-09-13,620811.4665
FRANCE,GERMANY,1995-09-14,783383.0695
FRANCE,GERMANY,1995-09-15,678769.3187
FRANCE,GERMANY,1995-09-16,611546.3962
FRANCE,GERMANY,1995-09-17,560073.8522
FRANCE,GERMANY,1995-09-18,1100041.6826
FRANCE,GERMANY,1995-09-19,701104.5906
FRANCE,GERMANY,1995-09-20,693827.9255
FRANCE,GERMANY,1995-09-21,767461.2983
FRANCE,GERMANY,1995-09-22,518350.2473
FRANCE,GERMANY,1995-09-23,892077.1056
FRANCE,GERMANY,1995-09-24,516220.4707
FRANCE,GERMANY,1995-09-25,749876.9181
FRANCE,GERMANY,1995-09-26,744237.6044
FRANCE,GERMANY,1995-09-27,582806.6611
FRANCE,GERMANY,1995-09-28,769200.5979
FRANCE,GERMANY,1995-09-29,818708.0025
FRANCE,GERMANY,1995-09-30,424731.1398
FRANCE,GERMANY,1995-10-01,629078.2461
FRANCE,GERMANY,1995-10-02,776318.3925
FRANCE,GERMANY,1995-10-03,882889.0456
FRANCE,GERMANY,1995-10-04,837370.7845
FRANCE,GERMANY,1995-10-05,766974.8909
FRANCE,GERMANY,1995-10-06,647289.8349
FRANCE,GERMANY,1995-10-07,423741.4344
FRANCE,GERMANY,1995-10-08,656571.0565
FRANCE,GERMANY,1995-10-09,1014430.3282
FRANCE,GERMANY,1995-10-10,708813.3108
FRANCE,GERMANY,1995-10-11,1127262.0167
FRANCE,GERMANY,1995-10-12,448445.6164
FRANCE,GERMANY,1995-10-13,739047.1866
FRANCE,GERMANY,1995-10-14,460135.2001
FRANCE,GERMANY,1995-10-15,656517.3292
FRANCE,GERMANY,1995-10-16,673582.4182
FRANCE,GERMANY,1995-10-17,787560.4995
FRANCE,GERMANY,1995-10-18,621475.5499
FRANCE,GERMANY,1995-10-19,1055197.3474
FRANCE,GERMANY,1995-10-20,631203.2819
FRANCE,GERMANY,1995-10-21,1063573.6186
FRANCE,GERMANY,1995-10-22,838335.0424
FRANCE,GERMANY,1995-10-23,904160.7325
FRANCE,GERMANY,1995-10-24,449060.9116
FRANCE,GERMANY,1995-10-25,784086.9396
FRANCE,GERMANY,1995-10-26,700892.1694
FRANCE,GERMANY,1995-10-27,527779.5509
FRANCE,GERMANY,1995-10-28,822126.4434
FRANCE,GERMANY,1995-10-29,526727.9976
FRANCE,GERMANY,1995-10-30,654385.8159
FRANCE,GERMANY,1995-10-31,832384.1874
FRANCE,GERMANY,1995-11-01,449519.2000
FRANCE,GERMANY,1995-11-02,591534.1054
FRANCE,GERMANY,1995-11-03,905009.8884
FRANCE,GERMANY,1995-11-04,319384.5983
FRANCE,GERMANY,1995-11-05,513242.3607
FRANCE,GERMANY,1995-11-06,554569.2197
FRANCE,GERMANY,1995-11-07,464881.9615
FRANCE,GERMANY,1995-11-08,811625.8705
FRANCE,GERMANY,1995-11-09,742295.7213
FRANCE,GERMANY,1995-11-10,793567.6232
FRANCE,GERMANY,1995-11-11,1223389.1021
FRANCE,GERMANY,1995-11-12,1279558.8664
FRANCE,GERMANY,1995-11-13,843706.7633
FRANCE,GERMANY,1995-11-14,708315.4616
FRANCE,GERMANY,1995-11-15,472099.1009
FRANCE,GERMANY,1995-11-16,834067.8203
FRANCE,GERMANY,1995-11-17,335584.0258
FRANCE,GERMANY,1995-11-18,623427.1335
FRANCE,GERMANY,1995-11-19,463877.0421
FRANCE,GERMANY,1995-11-20,585139.5273
FRANCE,GERMANY,1995-11-21,531508.6114
FRANCE,GERMANY,1995-11-22,666905.6235
FRANCE,GERMANY,1995-11-23,822044.9310
FRANCE,GERMANY,1995-11-24,590965.4641
FRANCE,GERMANY,1995-11-25,585150.6784
FRANCE,GERMANY,1995-11-26,1026960.6849
FRANCE,GERMANY,1995-11-27,676064.7397
FRANCE,GERMANY,1995-11-28,572325.4238
FRANCE,GERMANY,1995-11-29,889731.4804
FRANCE,GERMANY,1995-11-30,685243.1079
FRANCE,GERMANY,1995-12-01,291232.2513
FRANCE,GERMANY,1995-12-02,377224.1948
FRANCE,GERMANY,1995-12-03,705818.4264
FRANCE,GERMANY,1995-12-04,903437.6240
FRANCE,GERMANY,1995-12-05,550070.6404
FRANCE,GERMANY,1995-12-06,680755.5905
FRANCE,GERMANY,1995-12-07,563672.8298
FRANCE,GERMANY,1995-12-08,456242.0134
FRANCE,GERMANY,1995-12-09,960844.9792
FRANCE,GERMANY,1995-12-10,784515.2583
FRANCE,GERMANY,1995-12-11,731093.3686
FRANCE,GERMANY,1995-12-12,887861.6245
FRANCE,GERMANY,1995-12-13,607545.9070
FRANCE,GERMANY,1995-12-14,732745.3108
FRANCE,GERMANY,1995-12-15,893002.0455
FRANCE,GERMANY,1995-12-16,704237.8323
FRANCE,GERMANY,1995-12-17,574386.9201
FRANCE,GERMANY,1995-12-18,852900.6877
FRANCE,GERMANY,1995-12-19,828795.1574
FRANCE,GERMANY,1995-12-20,797570.9740
FRANCE,GERMANY,1995-12-21,437596.7608
FRANCE,GERMANY,1995-12-22,800321.1389
FRANCE,GERMANY,1995-12-23,734243.0727
FRANCE,GERMANY,1995-12-24,986975.2819
FRANCE,GERMANY,1995-12-25,708621.5867
FRANCE,GERMANY,1995-12-26,845908.5465
FRANCE,GERMANY,1995-12-27,534381.4439
FRANCE,GERMANY,1995-12-28,439830.6630
FRANCE,GERMANY,1995-12-29,734099.3025
FRANCE,GERMANY,1995-12-30,747604.1464
FRANCE,GERMANY,1995-12-31,707423.9334
FRANCE,GERMANY,1996-01-01,651115.3389
FRANCE,GERMANY,1996-01-02,849089.7310
FRANCE,GERMANY,1996-01-03,607557.9700
FRANCE,GERMANY,1996-01-04,584434.8270
FRANCE,GERMANY,1996-01-05,764641.3374
FRANCE,GERMANY,1996-01-06,376846.0751
FRANCE,GERMANY,1996-01-07,600032.0932
FRANCE,GERMANY,1996-01-08,575757.7394
FRANCE,GERMANY,1996-01-09,548381.7047
FRANCE,GERMANY,1996-01-10,421419.6702
FRANCE,GERMANY,1996-01-11,555209.7197
FRANCE,GERMANY,1996-01-12,854998.5803
FRANCE,GERMANY,1996-01-13,734808.8019
FRANCE,GERMANY,1996-01-14,699869.5978
FRANCE,GERMANY,1996-01-15,1129446.5310
FRANCE,GERMANY,1996-01-16,499846.2479
FRANCE,GERMANY,1996-01-17,880527.2866
FRANCE,GERMANY,1996-01-18,788465.7654
FRANCE,GERMANY,1996-01-19,915706.7402
FRANCE,GERMANY,1996-01-20,1027192.3992
FRANCE,GERMANY,1996-01-21,594702.0746
FRANCE,GERMANY,1996-01-22,1081783.6496
FRANCE,GERMANY,1996-01-23,679510.9117
FRANCE,GERMANY,1996-01-24,890433.7352
FRANCE,GERMANY,1996-01-25,938503.0421
FRANCE,GERMANY,1996-01-26,1004471.8681
FRANCE,GERMANY,1996-01-27,649876.7762
FRANCE,GERMANY,1996-01-28,692208.1928
FRANCE,GERMANY,1996-01-29,537298.6645
FRANCE,GERMANY,1996-01-30,816824.9645
FRANCE,GERMANY,1996-01-31,641060.3699
FRANCE,GERMANY,1996-02-01,867487.6119
FRANCE,GERMANY,1996-02-02,734716.5145
FRANCE,GERMANY,1996-02-03,577776.3956
FRANCE,GERMANY,1996-02-04,1187094.3753
FRANCE,GERMANY,1996-02-05,619019.8859
FRANCE,GERMANY,1996-02-06,566205.8277
FRANCE,GERMANY,1996-02-07,719890.5236
FRANCE,GERMANY,1996-02-08,619857.4962
FRANCE,GERMANY,1996-02-09,1101681.6298
FRANCE,GERMANY,1996-02-10,311612.6981
FRANCE,GERMANY,1996-02-11,829168.1284
FRANCE,GERMANY,1996-02-12,720637.9754
FRANCE,GERMANY,1996-02-13,795022.8079
FRANCE,GERMANY,1996-02-14,815294.0508
FRANCE,GERMANY,1996-02-15,1130055.7639
FRANCE,GERMANY,1996-02-16,850517.2920
FRANCE,GERMANY,1996-02-17,843783.9577
FRANCE,GERMANY,1996-02-18,833691.8858
FRANCE,GERMANY,1996-02-19,823229.0026
FRANCE,GERMANY,1996-02-20,478413.1755
FRANCE,GERMANY,1996-02-21,415584.1445
FRANCE,GERMANY,1996-02-22,1039626.5447
FRANCE,GERMANY,1996-02-23,568314.4113
FRANCE,GERMANY,1996-02-24,439790.1212
FRANCE,GERMANY,1996-02-25,588116.5904
FRANCE,GERMANY,1996-02-26,885081.3358
FRANCE,GERMANY,1996-02-27,552771.8203
FRANCE,GERMANY,1996-02-28,786319.2687
FRANCE,GERMANY,1996-02-29,515557.1193
FRANCE,GERMANY,1996-03-01,605466.2018
FRANCE,GERMANY,1996-03-02,521618.8735
FRANCE,GERMANY,1996-03-03,892067.7883
FRANCE,GERMANY,1996-03-04,455822.4591
FRANCE,GERMANY,1996-03-05,687382.3617
FRANCE,GERMANY,1996-03-06,385386.4079
FRANCE,GERMANY,1996-03-07,507769.6548
FRANCE,GERMANY,1996-03-08,423137.5909
FRANCE,GERMANY,1996-03-09,860619.5285
FRANCE,GERMANY,1996-03-10,1120142.7458
FRANCE,GERMANY,1996-03-11,688333.0068
FRANCE,GERMANY,1996-03-12,923083.6402
FRANCE,GERMANY,1996-03-13,365480.8462
FRANCE,GERMANY,1996-03-14,850782.5419
FRANCE,GERMANY,1996-03-15,557965.2534
FRANCE,GERMANY,1996-03-16,632570.2450
FRANCE,GERMANY,1996-03-17,771193.8719
FRANCE,GERMANY,1996-03-18,590542.3544
FRANCE,GERMANY,1996-03-19,448559.1167
FRANCE,GERMANY,1996-03-20,749005.6457
FRANCE,GERMANY,1996-03-21,894694.6786
FRANCE,GERMANY,1996-03-22,523761.7504
FRANCE,GERMANY,1996-03-23,764102.7275
FRANCE,GERMANY,1996-03-24,586289.6383
FRANCE,GERMANY,1996-03-25,684455.5625
FRANCE,GERMANY,1996-03-26,688236.5233
FRANCE,GERMANY,1996-03-27,510345.8473
FRANCE,GERMANY,1996-03-28,729016.9245
FRANCE,GERMANY,1996-03-29,633848.8219
FRANCE,GERMANY,1996-03-30,828445.9693
FRANCE,GERMANY,1996-03-31,710821.4996
FRANCE,GERMANY,1996-04-01,622671.6059
FRANCE,GERMANY,1996-04-02,915685.4144
FRANCE,GERMANY,1996-04-03,548672.4797
FRANCE,GERMANY,1996-04-04,720872.5354
FRANCE,GERMANY,1996-04-05,690303.6157
FRANCE,GERMANY,1996-04-06,532494.8065
FRANCE,GERMANY,1996-04-07,808426.8038
FRANCE,GERMANY,1996-04-08,684108.7819
FRANCE,GERMANY,1996-04-09,1417318.2810
FRANCE,GERMANY,1996-04-10,888630.9624
FRANCE,GERMANY,1996-04-11,1058439.5140
FRANCE,GERMANY,1996-04-12,1121780.1733
FRANCE,GERMANY,1996-04-13,806408.9359
FRANCE,GERMANY,1996-04-14,661876.1401
FRANCE,GERMANY,1996-04-15,461336.6790
FRANCE,GERMANY,1996-04-16,728654.3892
FRANCE,GERMANY,1996-04-17,594025.7776
FRANCE,GERMANY,1996-04-18,839078.8415
FRANCE,GERMANY,1996-04-19,609846.0962
FRANCE,GERMANY,1996-04-20,801366.2194
FRANCE,GERMANY,1996-04-21,735831.8644
FRANCE,GERMANY,1996-04-22,888494.7303
FRANCE,GERMANY,1996-04-23,670383.0606
FRANCE,GERMANY,1996-04-24,701487.4486
FRANCE,GERMANY,1996-04-25,943861.8712
FRANCE,GERMANY,1996-04-26,937324.2541
FRANCE,GERMANY,1996-04-27,1030240.8516
FRANCE,GERMANY,1996-04-28,712489.2305
FRANCE,GERMANY,1996-04-29,483387.1315
FRANCE,GERMANY,1996-04-30,555842.4563
FRANCE,GERMANY,1996-05-01,640896.4590
FRANCE,GERMANY,1996-05-02,735715.0008
FRANCE,GERMANY,1996-05-03,639335.2563
FRANCE,GERMANY,1996-05-04,893547.3963
FRANCE,GERMANY,1996-05-05,579307.3667
FRANCE,GERMANY,1996-05-06,728724.9172
FRANCE,GERMANY,1996-05-07,543374.2942
FRANCE,GERMANY,1996-05-08,683481.7564
FRANCE,GERMANY,1996-05-09,971662.0288
FRANCE,GERMANY,1996-05-10,953639.5659
FRANCE,GERMANY,1996-05-11,736104.3381
FRANCE,GERMANY,1996-05-12,838366.3851
FRANCE,GERMANY,1996-05-13,876503.5078
FRANCE,GERMANY,1996-05-14,762477.8755
FRANCE,GERMANY,1996-05-15,613257.6920
FRANCE,GERMANY,1996-05-16,652253.7847
FRANCE,GERMANY,1996-05-17,384876.3222
FRANCE,GERMANY,1996-05-18,795978.3361
FRANCE,GERMANY,1996-05-19,318159.6995
FRANCE,GERMANY,1996-05-20,716088.6395
FRANCE,GERMANY,1996-05-21,327419.6304
FRANCE,GERMANY,1996-05-22,567135.7457
FRANCE,GERMANY,1996-05-23,714901.9504
FRANCE,GERMANY,1996-05-24,591085.7069
FRANCE,GERMANY,1996-05-25,805656.9146
FRANCE,GERMANY,1996-05-26,752127.8296
FRANCE,GERMANY,1996-05-27,436709.3395
FRANCE,GERMANY,1996-05-28,732446.1330
FRANCE,GERMANY,1996-05-29,524354.9059
FRANCE,GERMANY,1996-05-30,1045193.2477
FRANCE,GERMANY,1996-05-31,531723.9500
FRANCE,GERMANY,1996-06-01,771516.0191
FRANCE,GERMANY,1996-06-02,523718.1138
FRANCE,GERMANY,1996-06-03,693405.4674
FRANCE,GERMANY,1996-06-04,662426.0274
FRANCE,GERMANY,1996-06-05,1008417.7241
FRANCE,GERMANY,1996-06-06,404206.0839
FRANCE,GERMANY,1996-06-07,463728.8998
FRANCE,GERMANY,1996-06-08,845553.7634
FRANCE,GERMANY,1996-06-09,694645.7214
FRANCE,GERMANY,1996-06-10,1173080.1916
FRANCE,GERMANY,1996-06-11,1112321.2611
FRANCE,GERMANY,1996-06-12,609570.0867
FRANCE,GERMANY,1996-06-13,556901.2860
FRANCE,GERMANY,1996-06-14,527409.1872
FRANCE,GERMANY,1996-06-15,506277.0523
FRANCE,GERMANY,1996-06-16,824210.2321
FRANCE,GERMANY,1996-06-17,895918.9560
FRANCE,GERMANY,1996-06-18,540584.6526
FRANCE,GERMANY,1996-06-19,659681.2739
FRANCE,GERMANY,1996-06-20,840690.1829
FRANCE,GERMANY,1996-06-21,694380.8607
FRANCE,GERMANY,1996-06-22,765335.2132
FRANCE,GERMANY,1996-06-23,939362.6097
FRANCE,GERMANY,1996-06-24,787917.2701
FRANCE,GERMANY,1996-06-25,962269.4517
FRANCE,GERMANY,1996-06-26,711061.8734
FRANCE,GERMANY,1996-06-27,480801.5469
FRANCE,GERMANY,1996-06-28,843163.8489
FRANCE,GERMANY,1996-06-29,662146.9920
FRANCE,GERMANY,1996-06-30,608808.7757
FRANCE,GERMANY,1996-07-01,875422.1846
FRANCE,GERMANY,1996-07-02,581042.9496
FRANCE,GERMANY,1996-07-03,662220.9856
FRANCE,GERMANY,1996-07-04,1011379.2981
FRANCE,GERMANY,1996-07-05,461603.4331
FRANCE,GERMANY,1996-07-06,714239.5393
FRANCE,GERMANY,1996-07-07,868881.2546
FRANCE,GERMANY,1996-07-08,708464.3347
FRANCE,GERMANY,1996-07-09,1062880.0557
FRANCE,GERMANY,1996-07-10,771951.6756
FRANCE,GERMANY,1996-07-11,586729.1388
FRANCE,GERMANY,1996-07-12,1122230.4806
FRANCE,GERMANY,1996-07-13,557401.6355
FRANCE,GERMANY,1996-07-14,962012.6517
FRANCE,GERMANY,1996-07-15,690537.7243
FRANCE,GERMANY,1996-07-16,618568.6081
FRANCE,GERMANY,1996-07-17,518295.2720
FRANCE,GERMANY,1996-07-18,667692.9621
FRANCE,GERMANY,1996-07-19,916635.9403
FRANCE,GERMANY,1996-07-20,881251.0816
FRANCE,GERMANY,1996-07-21,582618.7213
FRANCE,GERMANY,1996-07-22,820657.9870
FRANCE,GERMANY,1996-07-23,400783.3745
FRANCE,GERMANY,1996-07-24,603512.9245
FRANCE,GERMANY,1996-07-25,485713.7888
FRANCE,GERMANY,1996-07-26,1037613.2083
FRANCE,GERMANY,1996-07-27,1001434.7763
FRANCE,GERMANY,1996-07-28,466598.9818
FRANCE,GERMANY,1996-07-29,681825.4372
FRANCE,GERMANY,1996-07-30,865220.8625
FRANCE,GERMANY,1996-07-31,626424.2034
FRANCE,GERMANY,1996-08-01,695702.6969
FRANCE,GERMANY,1996-08-02,589343.4991
FRANCE,GERMANY,1996-08-03,588011.6213
FRANCE,GERMANY,1996-08-04,974044.5937
FRANCE,GERMANY,1996-08-05,694696.1951
FRANCE,GERMANY,1996-08-06,615737.6922
FRANCE,GERMANY,1996-08-07,642141.5149
FRANCE,GERMANY,1996-08-08,450990.3380
FRANCE,GERMANY,1996-08-09,628533.5586
FRANCE,GERMANY,1996-08-10,889870.5357
FRANCE,GERMANY,1996-08-11,286278.3092
FRANCE,GERMANY,1996-08-12,697978.7555
FRANCE,GERMANY,1996-08-13,895004.4434
FRANCE,GERMANY,1996-08-14,477452.5978
FRANCE,GERMANY,1996-08-15,683192.4920
FRANCE,GERMANY,1996-08-16,845510.5394
FRANCE,GERMANY,1996-08-17,885000.0086
FRANCE,GERMANY,1996-08-18,1095051.0447
FRANCE,GERMANY,1996-08-19,1151774.2728
FRANCE,GERMANY,1996-08-20,476781.0429
FRANCE,GERMANY,1996-08-21,612080.4928
FRANCE,GERMANY,1996-08-22,394993.7782
FRANCE,GERMANY,1996-08-23,723409.6881
FRANCE,GERMANY,1996-08-24,961603.6578
FRANCE,GERMANY,1996-08-25,826169.9595
FRANCE,GERMANY,1996-08-26,1249580.8561
FRANCE,GERMANY,1996-08-27,791844.8518
FRANCE,GERMANY,1996-08-28,673778.5610
FRANCE,GERMANY,1996-08-29,733693.3790
FRANCE,GERMANY,1996-08-30,845955.5318
FRANCE,GERMANY,1996-08-31,698355.4144
FRANCE,GERMANY,1996-09-01,671323.8616
FRANCE,GERMANY,1996-09-02,767199.2229
FRANCE,GERMANY,1996-09-03,758012.4034
FRANCE,GERMANY,1996-09-04,743859.2038
FRANCE,GERMANY,1996-09-05,417038.8889
FRANCE,GERMANY,1996-09-06,558218.6722
FRANCE,GERMANY,1996-09-07,597861.0742
FRANCE,GERMANY,1996-09-08,417904.7631
FRANCE,GERMANY,1996-09-09,464336.2142
FRANCE,GERMANY,1996-09-10,954455.9626
FRANCE,GERMANY,1996-09-11,446221.2314
FRANCE,GERMANY,1996-09-12,822596.8301
FRANCE,GERMANY,1996-09-13,547713.7925
FRANCE,GERMANY,1996-09-14,723794.2926
FRANCE,GERMANY,1996-09-15,795716.1972
FRANCE,GERMANY,1996-09-16,794436.6377
FRANCE,GERMANY,1996-09-17,746162.9257
FRANCE,GERMANY,1996-09-18,905815.4347
FRANCE,GERMANY,1996-09-19,617835.2216
FRANCE,GERMANY,1996-09-20,681373.5582
FRANCE,GERMANY,1996-09-21,497053.9462
FRANCE,GERMANY,1996-09-22,1089985.8792
FRANCE,GERMANY,1996-09-23,737471.4849
FRANCE,GERMANY,1996-09-24,339167.5752
FRANCE,GERMANY,1996-09-25,1230759.5207
FRANCE,GERMANY,1996-09-26,479511.3342
FRANCE,GERMANY,1996-09-27,432638.0337
FRANCE,GERMANY,1996-09-28,367562.8034
FRANCE,GERMANY,1996-09-29,787260.2282
FRANCE,GERMANY,1996-09-30,792025.1673
FRANCE,GERMANY,1996-10-01,1126816.8090
FRANCE,GERMANY,1996-10-02,966058.4625
FRANCE,GERMANY,1996-10-03,525070.5305
FRANCE,GERMANY,1996-10-04,678633.1457
FRANCE,GERMANY,1996-10-05,584415.1606
FRANCE,GERMANY,1996-10-06,842732.5545
FRANCE,GERMANY,1996-10-07,388455.0113
FRANCE,GERMANY,1996-10-08,1017399.5192
FRANCE,GERMANY,1996-10-09,850435.1414
FRANCE,GERMANY,1996-10-10,636961.0972
FRANCE,GERMANY,1996-10-11,594360.7884
FRANCE,GERMANY,1996-10-12,752892.7078
FRANCE,GERMANY,1996-10-13,704825.9611
FRANCE,GERMANY,1996-10-14,418247.7294
FRANCE,GERMANY,1996-10-15,824200.4013
FRANCE,GERMANY,1996-10-16,833506.5208
FRANCE,GERMANY,1996-10-17,605340.5874
FRANCE,GERMANY,1996-10-18,743103.3811
FRANCE,GERMANY,1996-10-19,462488.6560
FRANCE,GERMANY,1996-10-20,782638.1522
FRANCE,GERMANY,1996-10-21,441182.9438
FRANCE,GERMANY,1996-10-22,383060.1122
FRANCE,GERMANY,1996-10-23,474771.6164
FRANCE,GERMANY,1996-10-24,500665.4263
FRANCE,GERMANY,1996-10-25,633731.2514
FRANCE,GERMANY,1996-10-26,892359.3685
FRANCE,GERMANY,1996-10-27,714814.3374
FRANCE,GERMANY,1996-10-28,494846.8065
FRANCE,GERMANY,1996-10-29,779474.8919
FRANCE,GERMANY,1996-10-30,645812.0689
FRANCE,GERMANY,1996-10-31,567534.3243
FRANCE,GERMANY,1996-11-01,988123.1956
FRANCE,GERMANY,1996-11-02,1034982.9760
FRANCE,GERMANY,1996-11-03,774525.5481
FRANCE,GERMANY,1996-11-04,828212.9541
FRANCE,GERMANY,1996-11-05,707649.6085
FRANCE,GERMANY,1996-11-06,986214.6958
FRANCE,GERMANY,1996-11-07,909835.9633
FRANCE,GERMANY,1996-11-08,741834.6973
FRANCE,GERMANY,1996-11-09,883216.5855
FRANCE,GERMANY,1996-11-10,835419.7449
FRANCE,GERMANY,1996-11-11,848276.9741
FRANCE,GERMANY,1996-11-12,558083.9445
FRANCE,GERMANY,1996-11-13,844438.4179
FRANCE,GERMANY,1996-11-14,700283.0832
FRANCE,GERMANY,1996-11-15,510543.6565
FRANCE,GERMANY,1996-11-16,1100078.6741
FRANCE,GERMANY,1996-11-17,692440.5509
FRANCE,GERMANY,1996-11-18,962678.0954
FRANCE,GERMANY,1996-11-19,1161245.2822
FRANCE,GERMANY,1996-11-20,1019194.9525
FRANCE,GERMANY,1996-11-21,629268.9540
FRANCE,GERMANY,1996-11-22,855693.5677
FRANCE,GERMANY,1996-11-23,550374.4756
FRANCE,GERMANY,1996-11-24,954001.8241
FRANCE,GERMANY,1996-11-25,917165.8064
FRANCE,GERMANY,1996-11-26,814749.1886
FRANCE,GERMANY,1996-11-27,955397.0094
FRANCE,GERMANY,1996-11-28,630268.9571
FRANCE,GERMANY,1996-11-29,786238.2133
FRANCE,GERMANY,1996-11-30,1094604.3346
FRANCE,GERMANY,1996-12-01,1015912.6073
FRANCE,GERMANY,1996-12-02,685034.1764
FRANCE,GERMANY,1996-12-03,995715.1658
FRANCE,GERMANY,1996-12-04,591492.5161
FRANCE,GERMANY,1996-12-05,532947.7078
FRANCE,GERMANY,1996-12-06,679115.3552
FRANCE,GERMANY,1996-12-07,716490.0341
FRANCE,GERMANY,1996-12-08,609404.0560
FRANCE,GERMANY,1996-12-09,1123836.5943
FRANCE,GERMANY,1996-12-10,778951.0086
FRANCE,GERMANY,1996-12-11,779544.8375
FRANCE,GERMANY,1996-12-12,966150.8768
FRANCE,GERMANY,1996-12-13,727962.8419
FRANCE,GERMANY,1996-12-14,681698.9525
FRANCE,GERMANY,1996-12-15,593346.8204
FRANCE,GERMANY,1996-12-16,557233.0857
FRANCE,GERMANY,1996-12-17,402032.4995
FRANCE,GERMANY,1996-12-18,954580.2618
FRANCE,GERMANY,1996-12-19,842161.8361
FRANCE,GERMANY,1996-12-20,722329.1979
FRANCE,GERMANY,1996-12-21,935881.1553
FRANCE,GERMANY,1996-12-22,656077.3338
FRANCE,GERMANY,1996-12-23,822036.6748
FRANCE,GERMANY,1996-12-24,849572.6431
FRANCE,GERMANY,1996-12-25,532291.9420
FRANCE,GERMANY,1996-12-26,455851.1052
FRANCE,GERMANY,1996-12-27,959537.7763
FRANCE,GERMANY,1996-12-28,1016646.7967
FRANCE,GERMANY,1996-12-29,637712.6835
FRANCE,GERMANY,1996-12-30,813944.2015
GERMANY,FRANCE,1995-01-02,872694.9460
GERMANY,FRANCE,1995-01-03,879524.9144
GERMANY,FRANCE,1995-01-04,714748.2121
GERMANY,FRANCE,1995-01-05,413686.2440
GERMANY,FRANCE,1995-01-06,738272.7350
GERMANY,FRANCE,1995-01-07,841269.8714
GERMANY,FRANCE,1995-01-08,791994.0078
GERMANY,FRANCE,1995-01-09,762267.4400
GERMANY,FRANCE,1995-01-10,782298.1005
GERMANY,FRANCE,1995-01-11,623791.6141
GERMANY,FRANCE,1995-01-12,862168.1291
GERMANY,FRANCE,1995-01-13,731439.1626
GERMANY,FRANCE,1995-01-14,528810.7363
GERMANY,FRANCE,1995-01-15,580271.5688
GERMANY,FRANCE,1995-01-16,627296.9011
GERMANY,FRANCE,1995-01-17,247291.7659
GERMANY,FRANCE,1995-01-18,589811.6499
GERMANY,FRANCE,1995-01-19,679804.9419
GERMANY,FRANCE,1995-01-20,671463.6945
GERMANY,FRANCE,1995-01-21,549777.8892
GERMANY,FRANCE,1995-01-22,913722.1029
GERMANY,FRANCE,1995-01-23,667309.3583
GERMANY,FRANCE,1995-01-24,537588.7806
GERMANY,FRANCE,1995-01-25,866534.2591
GERMANY,FRANCE,1995-01-26,825666.1459
GERMANY,FRANCE,1995-01-27,887493.7566
GERMANY,FRANCE,1995-01-28,916052.3987
GERMANY,FRANCE,1995-01-29,723751.8407
GERMANY,FRANCE,1995-01-30,1302319.8759
GERMANY,FRANCE,1995-01-31,942861.2849
GERMANY,FRANCE,1995-02-01,632234.9829
GERMANY,FRANCE,1995-02-02,1043919.5599
GERMANY,FRANCE,1995-02-03,492954.9961
GERMANY,FRANCE,1995-02-04,882985.2094
GERMANY,FRANCE,1995-02-05,1094697.3156
GERMANY,FRANCE,1995-02-06,742866.2652
GERMANY,FRANCE,1995-02-07,822355.7775
GERMANY,FRANCE,1995-02-08,763918.9261
GERMANY,FRANCE,1995-02-09,770871.8471
GERMANY,FRANCE,1995-02-10,810280.8439
GERMANY,FRANCE,1995-02-11,867358.8414
GERMANY,FRANCE,1995-02-12,888734.8700
GERMANY,FRANCE,1995-02-13,732760.8198
GERMANY,FRANCE,1995-02-14,353830.4055
GERMANY,FRANCE,1995-02-15,493467.9734
GERMANY,FRANCE,1995-02-16,722347.4223
GERMANY,FRANCE,1995-02-17,682560.2862
GERMANY,FRANCE,1995-02-18,748850.9126
GERMANY,FRANCE,1995-02-19,677704.4915
GERMANY,FRANCE,1995-02-20,820818.9523
GERMANY,FRANCE,1995-02-21,718172.9143
GERMANY,FRANCE,1995-02-22,425792.4829
GERMANY,FRANCE,1995-02-23,1094874.7744
GERMANY,FRANCE,1995-02-24,705505.2348
GERMANY,FRANCE,1995-02-25,943862.5839
GERMANY,FRANCE,1995-02-26,831374.7488
GERMANY,FRANCE,1995-02-27,712786.0218
GERMANY,FRANCE,1995-02-28,607192.6454
GERMANY,FRANCE,1995-03-01,916968.8684
GERMANY,FRANCE,1995-03-02,965437.4356
GERMANY,FRANCE,1995-03-03,851389.9060
GERMANY,FRANCE,1995-03-04,789681.1988
GERMANY,FRANCE,1995-03-05,1116928.8560
GERMANY,FRANCE,1995-03-06,1053332.8020
GERMANY,FRANCE,1995-03-07,784693.2374
GERMANY,FRANCE,1995-03-08,590956.4646
GERMANY,FRANCE,1995-03-09,660875.8973
GERMANY,FRANCE,1995-03-10,552977.8855
GERMANY,FRANCE,1995-03-11,467486.2326
GERMANY,FRANCE,1995-03-12,700935.5275
GERMANY,FRANCE,1995-03-13,809387.2078
GERMANY,FRANCE,1995-03-14,785484.0885
GERMANY,FRANCE,1995-03-15,586545.0834
GERMANY,FRANCE,1995-03-16,268427.9946
GERMANY,FRANCE,1995-03-17,742274.8144
GERMANY,FRANCE,1995-03-18,1044072.0799
GERMANY,FRANCE,1995-03-19,891365.2977
GERMANY,FRANCE,1995-03-20,957784.3227
GERMANY,FRANCE,1995-03-21,660661.2307
GERMANY,FRANCE,1995-03-22,843766.0007
GERMANY,FRANCE,1995-03-23,597103.0527
GERMANY,FRANCE,1995-03-24,662283.6558
GERMANY,FRANCE,1995-03-25,1038216.8965
GERMANY,FRANCE,1995-03-26,920559.2325
GERMANY,FRANCE,1995-03-27,756333.5807
GERMANY,FRANCE,1995-03-28,922494.7356
GERMANY,FRANCE,1995-03-29,494449.7791
GERMANY,FRANCE,1995-03-30,677883.1553
GERMANY,FRANCE,1995-03-31,542040.6445
GERMANY,FRANCE,1995-04-01,715695.1253
GERMANY,FRANCE,1995-04-02,889219.6790
GERMANY,FRANCE,1995-04-03,721383.5135
GERMANY,FRANCE,1995-04-04,853001.0415
GERMANY,FRANCE,1995-04-05,871073.6756
GERMANY,FRANCE,1995-04-06,795582.5760
GERMANY,FRANCE,1995-04-07,985530.9333
GERMANY,FRANCE,1995-04-08,759343.1833
GERMANY,FRANCE,1995-04-09,735059.5815
GERMANY,FRANCE,1995-04-10,639298.3744
GERMANY,FRANCE,1995-04-11,577952.9424
GERMANY,FRANCE,1995-04-12,763079.8045
GERMANY,FRANCE,1995-04-13,720274.6039
GERMANY,FRANCE,1995-04-14,857838.3490
GERMANY,FRANCE,1995-04-15,478358.6668
GERMANY,FRANCE,1995-04-16,717693.8347
GERMANY,FRANCE,1995-04-17,778493.6488
GERMANY,FRANCE,1995-04-18,613906.1317
GERMANY,FRANCE,1995-04-19,632197.5948
GERMANY,FRANCE,1995-04-20,288888.2766
GERMANY,FRANCE,1995-04-21,915602.0887
GERMANY,FRANCE,1995-04-22,695403.6686
GERMANY,FRANCE,1995-04-23,673620.0792
GERMANY,FRANCE,1995-04-24,784883.0022
GERMANY,FRANCE,1995-04-25,653578.9992
GERMANY,FRANCE,1995-04-26,757016.6163
GERMANY,FRANCE,1995-04-27,987020.3099
GERMANY,FRANCE,1995-04-28,611899.0457
GERMANY,FRANCE,1995-04-29,941818.0686
GERMANY,FRANCE,1995-04-30,616478.0093
GERMANY,FRANCE,1995-05-01,467723.1885
GERMANY,FRANCE,1995-05-02,914455.6932
GERMANY,FRANCE,1995-05-03,871133.7882
GERMANY,FRANCE,1995-05-04,711297.5321
GERMANY,FRANCE,1995-05-05,791369.4997
GERMANY,FRANCE,1995-05-06,898518.6279
GERMANY,FRANCE,1995-05-07,610232.7207
GERMANY,FRANCE,1995-05-08,1038227.6385
GERMANY,FRANCE,1995-05-09,1001552.9180
GERMANY,FRANCE,1995-05-10,866671.7558
GERMANY,FRANCE,1995-05-11,638783.5052
GERMANY,FRANCE,1995-05-12,472840.8325
GERMANY,FRANCE,1995-05-13,775674.3789
GERMANY,FRANCE,1995-05-14,1091288.6763
GERMANY,FRANCE,1995-05-15,622293.3518
GERMANY,FRANCE,1995-05-16,683120.7245
GERMANY,FRANCE,1995-05-17,438779.3039
GERMANY,FRANCE,1995-05-18,889418.7817
GERMANY,FRANCE,1995-05-19,976791.1410
GERMANY,FRANCE,1995-05-20,773320.0185
GERMANY,FRANCE,1995-05-21,856777.7716
GERMANY,FRANCE,1995-05-22,446035.3255
GERMANY,FRANCE,1995-05-23,531832.7587
GERMANY,FRANCE,1995-05-24,515798.8717
GERMANY,FRANCE,1995-05-25,1009453.3919
GERMANY,FRANCE,1995-05-26,888545.3373
GERMANY,FRANCE,1995-05-27,727720.5995
GERMANY,FRANCE,1995-05-28,715896.0346
GERMANY,FRANCE,1995-05-29,730458.5501
GERMANY,FRANCE,1995-05-30,897559.7974
GERMANY,FRANCE,1995-05-31,543725.1052
GERMANY,FRANCE,1995-06-01,782623.7715
GERMANY,FRANCE,1995-06-02,654752.4817
GERMANY,FRANCE,1995-06-03,711610.3336
GERMANY,FRANCE,1995-06-04,911151.8401
GERMANY,FRANCE,1995-06-05,783787.6265
GERMANY,FRANCE,1995-06-06,422345.5515
GERMANY,FRANCE,1995-06-07,993920.0172
GERMANY,FRANCE,1995-06-08,945925.9044
GERMANY,FRANCE,1995-06-09,649393.8769
GERMANY,FRANCE,1995-06-10,895383.8127
GERMANY,FRANCE,1995-06-11,453222.5009
GERMANY,FRANCE,1995-06-12,669953.3204
GERMANY,FRANCE,1995-06-13,996852.6614
GERMANY,FRANCE,1995-06-14,706303.5634
GERMANY,FRANCE,1995-06-15,758576.8479
GERMANY,FRANCE,1995-06-16,772694.3974
GERMANY,FRANCE,1995-06-17,656730.8082
GERMANY,FRANCE,1995-06-18,526398.4792
GERMANY,FRANCE,1995-06-19,887061.6441
GERMANY,FRANCE,1995-06-20,610681.7189
GERMANY,FRANCE,1995-06-21,534079.6666
GERMANY,FRANCE,1995-06-22,709881.5902
GERMANY,FRANCE,1995-06-23,456184.2866
GERMANY,FRANCE,1995-06-24,893418.0828
GERMANY,FRANCE,1995-06-25,781537.5636
GERMANY,FRANCE,1995-06-26,816515.8961
GERMANY,FRANCE,1995-06-27,719734.5910
GERMANY,FRANCE,1995-06-28,970518.6799
GERMANY,FRANCE,1995-06-29,423310.1617
GERMANY,FRANCE,1995-06-30,436075.1106
GERMANY,FRANCE,1995-07-01,518663.5318
GERMANY,FRANCE,1995-07-02,460296.5525
GERMANY,FRANCE,1995-07-03,582399.9035
GERMANY,FRANCE,1995-07-04,698767.7703
GERMANY,FRANCE,1995-07-05,792142.6500
GERMANY,FRANCE,1995-07-06,932759.9867
GERMANY,FRANCE,1995-07-07,416884.7579
GERMANY,FRANCE,1995-07-08,599599.7941
GERMANY,FRANCE,1995-07-09,480187.9434
GERMANY,FRANCE,1995-07-10,843906.4685
GERMANY,FRANCE,1995-07-11,661626.1412
GERMANY,FRANCE,1995-07-12,736312.7569
GERMANY,FRANCE,1995-07-13,812490.9011
GERMANY,FRANCE,1995-07-14,758787.9261
GERMANY,FRANCE,1995-07-15,850817.9904
GERMANY,FRANCE,1995-07-16,821682.3904
GERMANY,FRANCE,1995-07-17,494166.1666
GERMANY,FRANCE,1995-07-18,530564.9496
GERMANY,FRANCE,1995-07-19,546897.1364
GERMANY,FRANCE,1995-07-20,857083.7015
GERMANY,FRANCE,1995-07-21,515340.3457
GERMANY,FRANCE,1995-07-22,578814.5256
GERMANY,FRANCE,1995-07-23,666575.6052
GERMANY,FRANCE,1995-07-24,632821.8256
GERMANY,FRANCE,1995-07-25,693141.7633
GERMANY,FRANCE,1995-07-26,633063.0364
GERMANY,FRANCE,1995-07-27,802498.4494
GERMANY,FRANCE,1995-07-28,733950.1886
GERMANY,FRANCE,1995-07-29,703698.1297
GERMANY,FRANCE,1995-07-30,751103.7054
GERMANY,FRANCE,1995-07-31,686159.5766
GERMANY,FRANCE,1995-08-01,646779.0762
GERMANY,FRANCE,1995-08-02,696684.8442
GERMANY,FRANCE,1995-08-03,971665.6211
GERMANY,FRANCE,1995-08-04,529125.8477
GERMANY,FRANCE,1995-08-05,608104.6406
GERMANY,FRANCE,1995-08-06,858450.8228
GERMANY,FRANCE,1995-08-07,944747.7713
GERMANY,FRANCE,1995-08-08,656443.9067
GERMANY,FRANCE,1995-08-09,914065.0431
GERMANY,FRANCE,1995-08-10,765243.2709
GERMANY,FRANCE,1995-08-11,508757.1339
GERMANY,FRANCE,1995-08-12,869113.9922
GERMANY,FRANCE,1995-08-13,496319.0149
GERMANY,FRANCE,1995-08-14,1043255.6727
GERMANY,FRANCE,1995-08-15,500469.3352
GERMANY,FRANCE,1995-08-16,321544.9659
GERMANY,FRANCE,1995-08-17,818103.8704
GERMANY,FRANCE,1995-08-18,588220.0723
GERMANY,FRANCE,1995-08-19,754487.3937
GERMANY,FRANCE,1995-08-20,541445.9280
GERMANY,FRANCE,1995-08-21,593702.0808
GERMANY,FRANCE,1995-08-22,755001.7102
GERMANY,FRANCE,1995-08-23,695956.3788
GERMANY,FRANCE,1995-08-24,498244.8153
GERMANY,FRANCE,1995-08-25,674455.1589
GERMANY,FRANCE,1995-08-26,666352.9533
GERMANY,FRANCE,1995-08-27,1118488.2263
GERMANY,FRANCE,1995-08-28,558744.8361
GERMANY,FRANCE,1995-08-29,815950.0975
GERMANY,FRANCE,1995-08-30,709405.0235
GERMANY,FRANCE,1995-08-31,533894.1233
GERMANY,FRANCE,1995-09-01,885771.9329
GERMANY,FRANCE,1995-09-02,582799.7672
GERMANY,FRANCE,1995-09-03,537947.6925
GERMANY,FRANCE,1995-09-04,900075.0025
GERMANY,FRANCE,1995-09-05,1000960.7254
GERMANY,FRANCE,1995-09-06,429542.9924
GERMANY,FRANCE,1995-09-07,836605.0920
GERMANY,FRANCE,1995-09-08,779986.8869
GERMANY,FRANCE,1995-09-09,740975.9757
GERMANY,FRANCE,1995-09-10,699144.0392
GERMANY,FRANCE,1995-09-11,906202.7134
GERMANY,FRANCE,1995-09-12,807886.5676
GERMANY,FRANCE,1995-09-13,960246.0708
GERMANY,FRANCE,1995-09-14,767311.1699
GERMANY,FRANCE,1995-09-15,763744.1944
GERMANY,FRANCE,1995-09-16,938662.3582
GERMANY,FRANCE,1995-09-17,667359.3632
GERMANY,FRANCE,1995-09-18,486129.1186
GERMANY,FRANCE,1995-09-19,503890.5755
GERMANY,FRANCE,1995-09-20,893663.5155
GERMANY,FRANCE,1995-09-21,778524.6997
GERMANY,FRANCE,1995-09-22,797949.7285
GERMANY,FRANCE,1995-09-23,868585.4818
GERMANY,FRANCE,1995-09-24,1030663.5697
GERMANY,FRANCE,1995-09-25,932054.6129
GERMANY,FRANCE,1995-09-26,628425.5273
GERMANY,FRANCE,1995-09-27,799438.7174
GERMANY,FRANCE,1995-09-28,882309.4323
GERMANY,FRANCE,1995-09-29,737360.8464
